{
  "rmse": 0.6349873489630314,
  "mae": 0.4993708730524172,
  "r2_score": 0.3021350294784325
}
