{
    "rmse": 0.7045722081872426,
    "mae": 0.5438787232912283,
    "r2_score": 0.2612149505820286
}